{
  "champion": "France",
  "final": {
    "team_a": "Spain",
    "team_b": "France",
    "score": "0-1",
    "winner": "France"
  },
  "top_title_probabilities": {
    "France": 0.20295,
    "England": 0.19355,
    "Argentina": 0.11125,
    "Spain": 0.10745,
    "Portugal": 0.08685,
    "Germany": 0.0727,
    "Brazil": 0.05815,
    "Norway": 0.0314,
    "Netherlands": 0.0246,
    "USA": 0.02455,
    "Colombia": 0.01965,
    "Morocco": 0.0158
  },
  "ratings": {
    "France": 2.131584122987294,
    "England": 1.9590094303100014,
    "Argentina": 1.709556872691103,
    "Spain": 1.6311840588920599,
    "Portugal": 1.5121116489430548,
    "Brazil": 1.5006615130013798,
    "Germany": 1.3000588026682975,
    "Netherlands": 1.2822236581570672,
    "Norway": 1.200097914237118,
    "Morocco": 1.0487417701761022,
    "Colombia": 0.9529446465418396,
    "Croatia": 0.9027685634798372,
    "USA": 0.850970591407839,
    "Japan": 0.8373981216307304,
    "Belgium": 0.7390107891240482,
    "Uruguay": 0.6859671485934369,
    "Austria": 0.4241211336451159,
    "Senegal": 0.38789658498727836,
    "Ecuador": 0.2917860688976237,
    "Switzerland": 0.2689386296095596,
    "Ivory Coast": 0.2665764747368359,
    "T\u00fcrkiye": 0.25752963507278137,
    "Mexico": 0.24342556438339713,
    "Sweden": 0.15544858828346025,
    "Canada": -0.05076813679960095,
    "Australia": -0.11976724418442379,
    "Paraguay": -0.23024206982082648,
    "Egypt": -0.26446216250967985,
    "Algeria": -0.3734521995107134,
    "Scotland": -0.39251130446767013,
    "South Korea": -0.43210030488606754,
    "Ghana": -0.5301640395605592,
    "Panama": -0.6541116184895456,
    "Bosnia & Herzegovina": -0.7797957738946281,
    "Czechia": -0.8442741544020936,
    "DR Congo": -1.0843303847042338,
    "Tunisia": -1.0927242365982182,
    "Iraq": -1.1235609264058082,
    "Jordan": -1.1809646480304745,
    "Uzbekistan": -1.2268441426895993,
    "Saudi Arabia": -1.310196389246838,
    "Iran": -1.3257632894838025,
    "Cape Verde": -1.3384471899759887,
    "Haiti": -1.3499088226210714,
    "South Africa": -1.617450333189574,
    "New Zealand": -1.7015181628219878,
    "Qatar": -1.7331685955170189,
    "Cura\u00e7ao": -1.7834862026468379
  }
}
