{
  "champion": "France",
  "final": {
    "team_a": "Brazil",
    "team_b": "France",
    "score": "1-2",
    "winner": "France"
  },
  "top_title_probabilities": {
    "France": 0.1668,
    "England": 0.1646,
    "Argentina": 0.14105,
    "Brazil": 0.09245,
    "Spain": 0.0881,
    "Portugal": 0.0784,
    "Germany": 0.0655,
    "Colombia": 0.03725,
    "USA": 0.03395,
    "Norway": 0.02575,
    "Netherlands": 0.02445,
    "Belgium": 0.01555
  },
  "ratings": {
    "France": 1.9751607902079864,
    "England": 1.8405426943314713,
    "Argentina": 1.6061928026314305,
    "Spain": 1.5563158900827798,
    "Portugal": 1.447562386014725,
    "Brazil": 1.4209291050894293,
    "Germany": 1.2553905148083848,
    "Netherlands": 1.200685986922639,
    "Norway": 1.097620586433383,
    "Morocco": 0.9992870796107161,
    "Colombia": 0.9192202040980544,
    "Croatia": 0.8347934684028334,
    "USA": 0.806222054182841,
    "Japan": 0.7826624765868854,
    "Belgium": 0.7462714011960815,
    "Uruguay": 0.6751988596186811,
    "Austria": 0.401328841162497,
    "Switzerland": 0.31297961661367424,
    "Senegal": 0.3048587423234612,
    "Ecuador": 0.29940743890655275,
    "Mexico": 0.2836113292880931,
    "Ivory Coast": 0.2826599992455028,
    "T\u00fcrkiye": 0.239142875790152,
    "Sweden": 0.11911952439083513,
    "Canada": 0.017598086306610222,
    "Australia": -0.13078019761237278,
    "Egypt": -0.19375241344405109,
    "Paraguay": -0.22064318628222834,
    "South Korea": -0.35727666718366413,
    "Algeria": -0.3774763932257526,
    "Scotland": -0.39875778373908466,
    "Ghana": -0.547737657418504,
    "Panama": -0.6751141259363729,
    "Bosnia & Herzegovina": -0.6805255008768222,
    "Czechia": -0.7506373032161121,
    "DR Congo": -1.0518916952513147,
    "Tunisia": -1.0807105264615395,
    "Iraq": -1.1415928221707747,
    "Jordan": -1.1495567083910572,
    "Uzbekistan": -1.1829248138544373,
    "Iran": -1.2333891186154848,
    "Saudi Arabia": -1.2600090237633728,
    "Cape Verde": -1.2850460047330194,
    "Haiti": -1.3144254908507857,
    "South Africa": -1.494549322549615,
    "New Zealand": -1.5869420709137503,
    "Qatar": -1.6055875265773203,
    "Cura\u00e7ao": -1.7054364011782652
  },
  "calibration": {
    "rank_log_scale": 0.36,
    "host_advantage_goals": 0.385,
    "base_goals": 3.02,
    "total_goals_slope": 0.06,
    "draw_adjustment": 0.994,
    "knockout_draw_multiplier": 1.147,
    "in_tournament_form_weight": 0.547,
    "prior_world_cup_weight": -0.036,
    "confederation_weight": 0.272,
    "market_weight_for_unplayed_2026_group_matches": 0.65
  }
}
