{
  "champion": "France",
  "final": {
    "team_a": "Spain",
    "team_b": "France",
    "score": "1-2",
    "winner": "France"
  },
  "top_title_probabilities": {
    "France": 0.1923,
    "England": 0.17665,
    "Argentina": 0.11805,
    "Spain": 0.1058,
    "Portugal": 0.07845,
    "Brazil": 0.061,
    "Germany": 0.0601,
    "USA": 0.04515,
    "Norway": 0.0324,
    "Netherlands": 0.0269,
    "Colombia": 0.022,
    "Morocco": 0.0159
  },
  "ratings": {
    "France": 2.0548881111917767,
    "England": 1.891189975117695,
    "Argentina": 1.6855687702665145,
    "Spain": 1.6148267430432588,
    "Portugal": 1.4757366591268668,
    "Brazil": 1.4550747890254707,
    "Germany": 1.2394674382005573,
    "Netherlands": 1.237113701704758,
    "Norway": 1.136559176333005,
    "Morocco": 1.01099616739109,
    "Colombia": 0.9341860780548749,
    "Croatia": 0.8654737159637854,
    "USA": 0.8051803918741289,
    "Japan": 0.7985092822015095,
    "Belgium": 0.7904074648901345,
    "Uruguay": 0.6835337242639773,
    "Austria": 0.4088847172923647,
    "Senegal": 0.34007967674125306,
    "Switzerland": 0.2812730893050034,
    "Mexico": 0.27935567593873023,
    "Ecuador": 0.25687894917916854,
    "Ivory Coast": 0.23411162941036506,
    "T\u00fcrkiye": 0.22669810706596097,
    "Sweden": 0.1280801643497462,
    "Canada": -0.03319871105807115,
    "Australia": -0.14055332015096286,
    "Egypt": -0.2037653353416479,
    "Paraguay": -0.25084762735136606,
    "South Korea": -0.37008414511427085,
    "Algeria": -0.37586717613513465,
    "Scotland": -0.4029301584814556,
    "Ghana": -0.5491790283085766,
    "Panama": -0.6682580244142533,
    "Bosnia & Herzegovina": -0.7342887755321861,
    "Czechia": -0.7753545996841104,
    "DR Congo": -1.0666740231785659,
    "Tunisia": -1.0758477617990707,
    "Iraq": -1.1319761736617198,
    "Jordan": -1.155635876508995,
    "Uzbekistan": -1.2001503071863246,
    "Iran": -1.2302616205532655,
    "Saudi Arabia": -1.2663809337243601,
    "Cape Verde": -1.2965895699519143,
    "Haiti": -1.3350562664012788,
    "South Africa": -1.5300771250114291,
    "New Zealand": -1.61290578782071,
    "Qatar": -1.6663248217849287,
    "Cura\u00e7ao": -1.761867028777398
  },
  "calibration": {
    "rank_log_scale": 0.55,
    "host_advantage_goals": 0.42,
    "base_goals": 2.8,
    "total_goals_slope": 0.22,
    "market_weight_for_unplayed_2026_group_matches": 0.65
  }
}
